{"Version":1,"ManifestType":"Publish","Endpoints":[{"Route":"uploads/3ed58589-18bb-48d7-9f18-fb410b7975ac_WhatsApp Image 2025-12-08 at 13.24.53.jpeg","AssetFile":"uploads/3ed58589-18bb-48d7-9f18-fb410b7975ac_WhatsApp Image 2025-12-08 at 13.24.53.jpeg","Selectors":[],"ResponseHeaders":[{"Name":"Cache-Control","Value":"max-age=3600, must-revalidate"},{"Name":"Content-Length","Value":"120507"},{"Name":"Content-Type","Value":"image/jpeg"},{"Name":"ETag","Value":"\"SJoy22w+KvmurEr/hx8gq0p45CARsWLI/PMNzrSnr7k=\""},{"Name":"Last-Modified","Value":"Thu, 25 Dec 2025 15:45:06 GMT"}],"EndpointProperties":[{"Name":"integrity","Value":"sha256-SJoy22w+KvmurEr/hx8gq0p45CARsWLI/PMNzrSnr7k="}]},{"Route":"uploads/3ed58589-18bb-48d7-9f18-fb410b7975ac_WhatsApp Image 2025-12-08 at 13.24.53.we6dsuris9.jpeg","AssetFile":"uploads/3ed58589-18bb-48d7-9f18-fb410b7975ac_WhatsApp Image 2025-12-08 at 13.24.53.jpeg","Selectors":[],"ResponseHeaders":[{"Name":"Cache-Control","Value":"max-age=31536000, immutable"},{"Name":"Content-Length","Value":"120507"},{"Name":"Content-Type","Value":"image/jpeg"},{"Name":"ETag","Value":"\"SJoy22w+KvmurEr/hx8gq0p45CARsWLI/PMNzrSnr7k=\""},{"Name":"Last-Modified","Value":"Thu, 25 Dec 2025 15:45:06 GMT"}],"EndpointProperties":[{"Name":"fingerprint","Value":"we6dsuris9"},{"Name":"integrity","Value":"sha256-SJoy22w+KvmurEr/hx8gq0p45CARsWLI/PMNzrSnr7k="},{"Name":"label","Value":"uploads/3ed58589-18bb-48d7-9f18-fb410b7975ac_WhatsApp Image 2025-12-08 at 13.24.53.jpeg"}]},{"Route":"uploads/3fb9964b-146a-403e-bc72-4d6a00df756c_WhatsApp Image 2025-12-08 at 13.24.53.jpeg","AssetFile":"uploads/3fb9964b-146a-403e-bc72-4d6a00df756c_WhatsApp Image 2025-12-08 at 13.24.53.jpeg","Selectors":[],"ResponseHeaders":[{"Name":"Cache-Control","Value":"max-age=3600, must-revalidate"},{"Name":"Content-Length","Value":"120507"},{"Name":"Content-Type","Value":"image/jpeg"},{"Name":"ETag","Value":"\"SJoy22w+KvmurEr/hx8gq0p45CARsWLI/PMNzrSnr7k=\""},{"Name":"Last-Modified","Value":"Thu, 25 Dec 2025 15:43:53 GMT"}],"EndpointProperties":[{"Name":"integrity","Value":"sha256-SJoy22w+KvmurEr/hx8gq0p45CARsWLI/PMNzrSnr7k="}]},{"Route":"uploads/3fb9964b-146a-403e-bc72-4d6a00df756c_WhatsApp Image 2025-12-08 at 13.24.53.we6dsuris9.jpeg","AssetFile":"uploads/3fb9964b-146a-403e-bc72-4d6a00df756c_WhatsApp Image 2025-12-08 at 13.24.53.jpeg","Selectors":[],"ResponseHeaders":[{"Name":"Cache-Control","Value":"max-age=31536000, immutable"},{"Name":"Content-Length","Value":"120507"},{"Name":"Content-Type","Value":"image/jpeg"},{"Name":"ETag","Value":"\"SJoy22w+KvmurEr/hx8gq0p45CARsWLI/PMNzrSnr7k=\""},{"Name":"Last-Modified","Value":"Thu, 25 Dec 2025 15:43:53 GMT"}],"EndpointProperties":[{"Name":"fingerprint","Value":"we6dsuris9"},{"Name":"integrity","Value":"sha256-SJoy22w+KvmurEr/hx8gq0p45CARsWLI/PMNzrSnr7k="},{"Name":"label","Value":"uploads/3fb9964b-146a-403e-bc72-4d6a00df756c_WhatsApp Image 2025-12-08 at 13.24.53.jpeg"}]},{"Route":"uploads/technicians/224a17c2-a4b0-4cb9-b8e3-a11b00503370_WhatsApp Image 2025-11-20 at 11.12.36.hjc2jtf0f0.jpeg","AssetFile":"uploads/technicians/224a17c2-a4b0-4cb9-b8e3-a11b00503370_WhatsApp Image 2025-11-20 at 11.12.36.jpeg","Selectors":[],"ResponseHeaders":[{"Name":"Cache-Control","Value":"max-age=31536000, immutable"},{"Name":"Content-Length","Value":"154865"},{"Name":"Content-Type","Value":"image/jpeg"},{"Name":"ETag","Value":"\"A92x41Oz5hPw0OCO/U55IJeyMogQkyblYtKynWob1d4=\""},{"Name":"Last-Modified","Value":"Thu, 25 Dec 2025 15:42:27 GMT"}],"EndpointProperties":[{"Name":"fingerprint","Value":"hjc2jtf0f0"},{"Name":"integrity","Value":"sha256-A92x41Oz5hPw0OCO/U55IJeyMogQkyblYtKynWob1d4="},{"Name":"label","Value":"uploads/technicians/224a17c2-a4b0-4cb9-b8e3-a11b00503370_WhatsApp Image 2025-11-20 at 11.12.36.jpeg"}]},{"Route":"uploads/technicians/224a17c2-a4b0-4cb9-b8e3-a11b00503370_WhatsApp Image 2025-11-20 at 11.12.36.jpeg","AssetFile":"uploads/technicians/224a17c2-a4b0-4cb9-b8e3-a11b00503370_WhatsApp Image 2025-11-20 at 11.12.36.jpeg","Selectors":[],"ResponseHeaders":[{"Name":"Cache-Control","Value":"max-age=3600, must-revalidate"},{"Name":"Content-Length","Value":"154865"},{"Name":"Content-Type","Value":"image/jpeg"},{"Name":"ETag","Value":"\"A92x41Oz5hPw0OCO/U55IJeyMogQkyblYtKynWob1d4=\""},{"Name":"Last-Modified","Value":"Thu, 25 Dec 2025 15:42:27 GMT"}],"EndpointProperties":[{"Name":"integrity","Value":"sha256-A92x41Oz5hPw0OCO/U55IJeyMogQkyblYtKynWob1d4="}]}]}